cifid,target,predict,error
FAXCUF_FSR,2.8437509536743164,3.1217498779296875,0.2779989242553711
SETNEL_FSR,3.181478977203369,2.4225637912750244,0.7589151859283447
FUFROO_FSR,3.3133819103240967,2.553234577178955,0.7601473331451416
LARGIX_FSR,1.64894700050354,1.9015742540359497,0.25262725353240967
QEBROG_FSR,2.952434062957764,2.690387725830078,0.262046337127686
boydwoo_str_m7_Zn_o9_o13_bcu_sym_137,2.22173810005188,1.6072402000427246,0.6144979000091553
LEVWOA_FSR,3.2975149154663086,3.071950674057007,0.22556424140930176
MEPVEJ_FSR,2.5414059162139893,1.501560926437378,1.0398449897766113
JORCEA_FSR,3.292001962661743,2.9039313793182373,0.38807058334350586
YEPKUC_FSR,2.6461360454559326,2.1626768112182617,0.4834592342376709
GUCDUF_FSR,3.4063549041748047,3.1674537658691406,0.23890113830566406
boydwoo_str_m3_o7_o25_pcu_sym_172,1.2682600021362305,1.48420512676239,0.21594512462615945
YALHIE_FSR,4.653182029724121,4.111781120300293,0.5414009094238281
GEJBOO_FSR,2.5851449966430664,1.3559813499450684,1.229163646697998
WOWLUP_FSR,2.689296007156372,1.9459539651870728,0.7433420419692993
EXUHUC_FSR,0.9305530190467834,1.0075807571411133,0.07702773809432983
FARJOY_FSR,1.994055986404419,2.504547357559204,0.5104913711547852
ODAVIA_FSR,2.75642991065979,1.570866346359253,1.185563564300537
NEPNIG_FSR,2.494494915008545,1.7255241870880127,0.7689707279205322
XIKROB_FSR,0.826367974281311,0.9229811429977416,0.09661316871643055
core_KANDIO_freeONLY,2.0970981121063232,2.1504135131835938,0.05331540107727051
gmof_AlO6-mof180_No8,1.6702189445495603,1.6478261947631836,0.02239274978637673
NIMWOX_FSR,3.064337968826294,3.1503615379333496,0.08602356910705566
OMEXIO_FSR,0.0129030002281069,2.982606887817383,2.969703887589276
GOZMAL_FSR,0.4929330050945282,1.2438700199127195,0.7509370148181913
KAWTOT_FSR,2.9942309856414795,3.137756824493408,0.1435258388519287
boydwoo_str_m3_o1_o7_nbo_sym_20,0.8666099905967712,1.834639549255371,0.9680295586585999
GIPBOZ_FSR,2.196237087249756,2.686028957366944,0.48979187011718794
WEBKEW_FSR,1.9511619806289675,1.7011289596557615,0.250033020973206
SAVMIM_FSR,1.0375690460205078,1.412895917892456,0.37532687187194824
GIXJOP_FSR,4.744633197784424,5.596782684326172,0.852149486541748
VOTCOY_FSR,1.741495966911316,1.5894134044647217,0.15208256244659424
boydwoo_str_m1_o4_o9_pcu_sym_226,2.650278091430664,2.818415403366089,0.1681373119354248
QEBHOX_FSR,0.3370729982852936,0.7019630670547485,0.36489006876945496
SIVPAP_FSR,1.651386022567749,1.4626176357269287,0.1887683868408203
HIWBIZ_FSR,0.7819790244102478,0.853806734085083,0.0718277096748352
PEFDEK01_FSR,1.5212719440460205,0.9986366033554076,0.5226353406906129
boydwoo_str_m3_o23_o25_pcu_sym_8,2.9541239738464355,2.2365942001342773,0.7175297737121582
SESBOK_FSR,2.9354190826416016,2.779238700866699,0.15618038177490234
core_RUBGUS_freeONLY,0.933152973651886,1.215809345245361,0.2826563715934751
RAWGUS_FSR,4.7829461097717285,4.739131927490234,0.04381418228149414
YIQMOA_FSR,3.8528881072998047,3.427286386489868,0.4256017208099365
MOLKOP_FSR,2.436450958251953,2.7012922763824463,0.26484131813049316
boydwoo_str_m5_Al_o1_o11_sra_sym_101,2.601562023162842,2.451653957366944,0.149908065795898
FIJFAG_FSR,4.265575885772705,3.6052908897399902,0.6602849960327148
gmof_Zn2O8N2-TED-irmof6_No16,2.762763023376465,2.9696497917175293,0.20688676834106445
WACQAT_FSR,0.9785969853401184,1.0110331773757937,0.03243619203567527
JUFREJ_FSR,2.367532968521118,2.1773953437805176,0.19013762474060059
gmof_Zn4O13-BDC_A-DPAC_A_No201,1.9265910387039185,2.0056052207946777,0.07901418209075928
gmof_Zn2O8N2-DPAC_A-irmof20_A_No771,0.9462490081787108,1.0624796152114868,0.11623060703277599
TUKDAG_FSR,2.571042060852051,2.664123773574829,0.09308171272277832
IXOJOW_FSR,0.4822829961776733,0.3975938558578491,0.08468914031982416
boydwoo_str_m5_Al_o11_o11_sra_sym_184,2.0228490829467773,2.1617062091827397,0.13885712623596236
gmof_Al2O6-ADC_B-AZO_B_No231,1.4689229726791382,1.3415448665618896,0.12737810611724854
YIZNUR_FSR,0.2353039979934692,0.6681208610534668,0.43281686305999756
JUCNAZ_FSR,0.2052319943904876,0.838437557220459,0.6332055628299714
FONYOY_FSR,1.975672006607056,1.709357500076294,0.26631450653076216
RODBAP_FSR,2.312030076980591,2.925004005432129,0.6129739284515381
gmof_Al2O6-irmof10_B-irmof7_B_No690,0.5430070161819458,1.5054311752319336,0.9624241590499878
NEWPUB02_FSR,3.393202066421509,3.757906913757324,0.36470484733581543
FIXCEW_FSR,0.7237259745597839,0.7005361318588257,0.023189842700958252
OYEKIN_FSR,2.1453208923339844,1.9973431825637815,0.14797770977020286
gmof_AlO6-ADC_A_No2,1.9492249488830569,2.218991279602051,0.2697663307189939
NOGMAY_FSR,5.186713218688965,4.216298580169678,0.9704146385192871
QUWWOV_FSR,4.683999061584473,4.925235748291016,0.24123668670654297
KIXXAS_FSR,0.5207059979438782,1.0525861978530884,0.5318801999092102
LIGZIN_FSR,4.185074806213379,4.567922115325928,0.38284730911254883
SACSIZ_FSR,1.2540680170059204,0.9652762413024902,0.2887917757034302
PEGCAH_FSR,4.538339138031006,4.220552444458008,0.31778669357299805
boydwoo_str_m7_Zn_o4_o24_bcu_sym_230,2.4282538890838623,2.2969532012939453,0.131300687789917
RUTPUS_FSR,3.585249900817871,3.0519394874572754,0.5333104133605957
GOZRAQ_FSR,2.6035070419311523,2.258991479873657,0.34451556205749556
FEYCOE_FSR,0.017722999677062,-1.2650909423828125,1.2828139420598745
YOLVEC_FSR,0.9150739908218384,0.8424015045166016,0.07267248630523682
GADSAH_FSR,1.3729259967803955,1.124834060668945,0.24809193611145042
TUDKAE_FSR,2.7797889709472656,2.7728097438812256,0.006979227066040039
PURTOM_FSR,3.046066999435425,3.003515243530273,0.04255175590515181
ZERNOB_FSR,2.954252004623413,2.346383571624756,0.6078684329986572
IYOBAA_FSR,2.1014530658721924,1.805238962173462,0.29621410369873047
PTECAU01_FSR,2.473184108734131,2.704333543777466,0.23114943504333496
VAPROW_FSR,0.1050070002675056,1.7777154445648191,1.6727084442973135
OPOMOX_FSR,1.4304300546646118,1.3020563125610352,0.12837374210357666
XEDCEO_FSR,1.0900959968566897,0.9027433395385742,0.18735265731811546
TEHQIG_FSR,2.1246280670166016,0.8534971475601196,1.271130919456482
PEVKIL_FSR,2.5535459518432617,2.899813175201416,0.3462672233581543
gmof_Al2O6-BDC_B-irmof20_B_No9,1.09033203125,1.7762551307678225,0.6859230995178225
WIVFAK_FSR,2.111037015914917,2.5600786209106445,0.44904160499572754
QEWMIP_FSR,2.8327229022979736,2.595280170440674,0.2374427318572998
FEPPOI_FSR,2.500432014465332,2.5494654178619385,0.049033403396606445
YUZRIW_FSR,0.2274699956178665,0.4847887754440307,0.25731877982616425
UJUMET_FSR,0.9741550087928772,1.0412174463272097,0.0670624375343325
XUQQOP_FSR,3.046516895294189,3.290264129638672,0.24374723434448287
LABZIA_FSR,2.037367105484009,2.007640838623047,0.029726266860961914
core_MURCIL_freeONLY,0.7823110222816467,1.062056303024292,0.27974528074264526
boydwoo_str_m3_o5_o24_pcu_sym_30,1.4988670349121094,2.290250062942505,0.7913830280303955
EZUPUM_FSR,4.018086910247803,3.862755298614502,0.15533161163330078
UVUMEF_FSR,4.609477043151856,4.174318313598633,0.43515872955322354
OZAXOE_FSR,0.5798410177230835,1.0951638221740725,0.515322804450989
UWIHEO_FSR,1.954540967941284,2.2659473419189453,0.31140637397766135
GIFWAV_FSR,0.4420590102672577,0.7859445810317993,0.3438855707645416
GEWJIE_FSR,1.5842620134353638,1.7738356590270996,0.18957364559173584
GERKOF_FSR,2.4173879623413086,2.313583850860596,0.10380411148071245
gmof_Zn2O8N2-BDC_A-irmof7_A_No218,1.688452959060669,1.5690534114837646,0.1193995475769043
GEJJEL_FSR,4.622368812561035,4.635883331298828,0.013514518737792969
OXUNUR_FSR,2.6130950450897217,2.859899044036865,0.2468039989471431
HADMAD01_FSR,0.7607970237731934,0.8799951076507568,0.11919808387756348
PADROD02_FSR,2.6676619052886963,2.747682571411133,0.08002066612243652
EZULAO_FSR,2.6773159503936768,2.4935548305511475,0.1837611198425293
gmof_AlO6-mof200_No4,2.455113887786865,2.2817940711975098,0.17331981658935502
EMEYEB_FSR,3.420974969863892,3.5456271171569824,0.12465214729309038
YARJOS_FSR,2.020037889480591,2.01035737991333,0.009680509567260742
gmof_AlO6-ADC_A_No5,2.0954339504241943,2.430071353912353,0.33463740348815874
UKAQIH_FSR,2.941157102584839,2.3700411319732666,0.5711159706115723
GURLUB_FSR,2.402628898620605,3.004270553588867,0.6016416549682622
MOCHIW_FSR,3.4527270793914795,3.829890727996826,0.3771636486053467
WOFSUH_FSR,1.4993540048599243,2.8957736492156982,1.396419644355774
TARTAJ_FSR,2.823306083679199,2.8468263149261475,0.023520231246948242
gmof_Al2O6-AZO_B-DPAC_B_No282,1.4972079992294312,1.6080480813980105,0.11084008216857932
gmof_Zn2O8N2-irmof6_A-irmof7_A_No399,1.4654409885406494,1.3054962158203125,0.15994477272033691
DITZEM_FSR,2.974829912185669,2.845958709716797,0.12887120246887207
core_GIYTIS_SL,1.1722530126571655,2.500275135040283,1.3280221223831177
gmof_Al2O6-DPAC_B-irmof10_B_No11,2.2823588848114014,2.2930257320404053,0.010666847229003906
JAPZIM_FSR,0.9440690279006958,1.358938694000244,0.4148696660995481
LACGON_FSR,2.452826023101806,3.050278902053833,0.5974528789520268
IGUTUB01_FSR,2.638798952102661,2.2183620929718018,0.4204368591308594
boydwoo_str_m7_Zn_o4_o10_bcu_sym_208,0.3884229958057403,1.6796550750732422,1.2912320792675018
VASGII_FSR,2.881171941757202,2.4668514728546143,0.4143204689025879
SODCUK_FSR,1.7927800416946411,2.142130851745605,0.3493508100509639
boydwoo_str_m4_Al_o2_o25_acs_sym_123,1.7047159671783447,1.545902132987976,0.15881383419036865
UYOGEV_FSR,2.474015951156616,2.25775146484375,0.2162644863128662
boydwoo_str_m4_Al_o20_o23_acs_sym_211,0.715490996837616,1.356600284576416,0.6411092877388
YIZVEJ_FSR,2.797420024871826,2.4354097843170166,0.36201024055480957
boydwoo_str_m3_o1_o18_pcu_sym_120,1.4831069707870483,1.4524681568145752,0.030638813972473145
QOJVAM_FSR,1.403074026107788,0.8822504281997681,0.52082359790802
WIMYOJ_FSR,1.94583797454834,2.2398881912231445,0.29405021667480447
LEDKAH_FSR,2.4924440383911133,2.5509493350982666,0.05850529670715332
boydwoo_str_m3_o26_o28_pcu_sym_165,1.1872279644012451,0.9714215993881226,0.21580636501312256
gmof_Zn2O8N2-BDC_A-irmof10_A_No231,1.2063549757003784,1.6611930131912231,0.4548380374908447
gmof_Al2O6-AZO_B-fum_B_No75,1.6539520025253296,1.6983128786087036,0.04436087608337402
core_GUJGEY_freeONLY,2.9076619148254395,3.3917717933654785,0.48410987854003906
ZUSBIA_FSR,2.4148430824279785,2.831695795059204,0.4168527126312256
QATQIM_FSR,2.2926249504089355,2.5017237663269043,0.20909881591796875
boydwoo_str_m3_o4_o6_pcu_sym_149,1.6710519790649414,2.0060060024261475,0.33495402336120605
JEVCIX_FSR,2.497490882873535,2.3702168464660645,0.1272740364074707
JEXSEL_FSR,1.2798449993133545,1.1618249416351318,0.11802005767822266
RODMOP_FSR,0.349712997674942,0.7678745985031128,0.4181616008281708
KITHEB_FSR,2.208242893218994,1.9557538032531736,0.25248908996582053
core_XALTEK_freeONLY,0.0945840030908584,1.2383100986480713,1.1437260955572128
boydwoo_str_m5_Al_o3_o6_sra_sym_22,2.042006015777588,2.1969151496887207,0.1549091339111328
NEXPOY_FSR,1.6718720197677612,1.7905994653701782,0.11872744560241699
QUHMEN_FSR,4.602424144744873,4.759512424468994,0.1570882797241211
gmof_Zn2O8N2-AZO_A-DPAC_A_No28,0.3481369912624359,0.5895999670028687,0.24146297574043274
NORHIN_FSR,3.2889699935913086,3.049929618835449,0.23904037475585938
OFICOW_FSR,2.716823101043701,2.0646231174468994,0.6521999835968018
KEQHOG_FSR,1.6048519611358645,2.28357458114624,0.6787226200103753
boydwoo_str_m5_Al_o18_o28_sra_sym_64,0.3133180141448974,1.213623046875,0.9003050327301025
boydwoo_str_m3_o4_o22_pcu_sym_126,2.5013930797576904,2.794032573699951,0.29263949394226074
core_GUPBUP_SL,4.009788036346436,3.35780930519104,0.6519787311553964
GIYJAB_FSR,0.4399789869785309,0.5965405702590942,0.15656158328056335
WORMUN_FSR,2.4715371131896973,1.926705241203308,0.5448318719863892
OCEQIX_FSR,0.938078999519348,1.0027817487716677,0.06470274925231967
GADSAI_FSR,1.8164180517196653,2.8189642429351807,1.0025461912155154
core_HALQUJ_freeONLY,0.650521993637085,0.6099609136581421,0.04056107997894287
NUNRAQ_FSR,3.6506290435791016,3.748197555541992,0.09756851196289062
boydwoo_str_m3_o22_o25_pcu_sym_152,3.5487000942230225,3.335936546325684,0.21276354789733842
VEWJUF_FSR,0.4997299909591675,0.5501397848129272,0.050409793853759766
VAQHAW_FSR,0.6412799954414368,0.4989078044891357,0.14237219095230108
QUKREU_FSR,0.1607069969177246,0.8625606298446655,0.7018536329269409
XAHZEM_FSR,4.3613128662109375,4.564874649047852,0.20356178283691406
OBUFAT_FSR,3.288029909133911,3.848624706268311,0.5605947971343999
MOSSUI_FSR,1.9757280349731443,2.060374021530152,0.0846459865570075
boydwoo_str_m7_Zn_o20_o25_bcu_sym_109,1.53432297706604,1.5381262302398682,0.003803253173828125
boydwoo_str_m5_Al_o3_o25_sra_sym_32,2.81718111038208,1.8394863605499268,0.9776947498321533
LAWSEJ01_FSR,4.277431011199951,5.2371015548706055,0.9596705436706543
SOXXEJ_FSR,3.595268964767456,4.011056900024414,0.415787935256958
LAYZIW_FSR,4.7953081130981445,4.6932291984558105,0.10207891464233398
RITDIJ_FSR,2.684762954711914,1.983690857887268,0.701072096824646
OFIDEN_FSR,2.886828899383545,2.865006923675537,0.021821975708007812
boydwoo_str_m3_o11_o29_pcu_sym_228,1.3522169589996338,1.046101450920105,0.3061155080795288
boydwoo_str_m3_o6_o12_pcu_sym_198,0.7544879913330078,0.920690894126892,0.16620290279388417
LUPZAY_FSR,2.776017904281616,2.8686940670013428,0.09267616271972656
boydwoo_str_m3_o1_o20_nbo_sym_85,2.117098093032837,1.5428375005722046,0.5742605924606323
OZAYIZ_FSR,1.6115330457687378,2.369371175765991,0.7578381299972534
GOPGID_FSR,2.4393880367279053,2.7530088424682617,0.31362080574035645
NIJVEJ_FSR,0.4363639950752258,0.7993040084838867,0.36294001340866094
LUSHEN_FSR,0.7148429751396179,0.8820083141326904,0.1671653389930725
IPAZOO_FSR,3.116184949874878,3.173285722732544,0.057100772857666016
QITDII_FSR,0.8612310290336609,1.1711047887802124,0.3098737597465515
NIXJOV_FSR,1.4546769857406616,2.1639750003814697,0.7092980146408081
HUVJIT_FSR,1.698287010192871,1.7306827306747437,0.03239572048187256
REQSEO_FSR,3.0850958824157715,2.1033284664154053,0.9817674160003662
core_LEVYOC_freeONLY,0.2527729868888855,0.4538054466247558,0.2010324597358703
PEGTUS_FSR,0.9738519787788392,1.100167155265808,0.12631517648696888
core_PIGXUZ_freeONLY,0.2064570039510727,0.7992101907730103,0.5927531868219376
IFUGAT_FSR,4.243652820587158,3.909691095352173,0.33396172523498535
XOYVIT_FSR,0.2966299951076507,0.7993147373199463,0.5026847422122955
boydwoo_str_m3_o10_o11_pcu_sym_193,1.7566100358963013,2.0548911094665527,0.29828107357025146
NEVBIC_FSR,0.5203449726104736,0.6288021802902222,0.10845720767974854
SUNMIZ_FSR,0.7748540043830872,0.8149409294128418,0.04008692502975464
MURFEM_FSR,3.5145249366760254,3.279325485229492,0.2351994514465332
ROJBID_FSR,4.641897201538086,4.102838516235352,0.5390586853027344
boydwoo_str_m1_o10_o10_pcu_sym_193,2.2492520809173584,2.527846097946167,0.2785940170288086
core_HILJUJ_freeONLY,0.107134997844696,2.9507060050964355,2.8435710072517395
QIHPUV_FSR,2.736330986022949,2.507370710372925,0.22896027565002441
ULAFEU_FSR,2.1520750522613525,2.2158801555633545,0.06380510330200195
core_MABKEG_freeONLY,0.3237709999084472,0.6421171426773071,0.3183461427688599
boydwoo_str_m3_o4_o21_pcu_sym_4,1.8795349597930908,2.215514659881592,0.335979700088501
VAVQUF_FSR,0.3417420089244842,0.8157575130462646,0.47401550412178045
TARQAE_FSR,4.331838130950928,3.229541778564453,1.1022963523864746
FALNEN_FSR,3.2543089389801025,3.1272048950195312,0.1271040439605713
GIFCOQ_FSR,3.3444759845733643,3.581429481506348,0.23695349693298384
QUGNOV_FSR,2.508117914199829,2.350344657897949,0.15777325630187988
KAFLUB_FSR,2.4202239513397217,2.071277618408203,0.34894633293151855
gmof_AlO6-pcn6_B_No7,2.5970780849456787,1.646278738975525,0.9507993459701538
REXZOJ_FSR,3.433271884918213,3.369974136352539,0.06329774856567383
UCADOU_FSR,1.8541929721832275,1.9415141344070437,0.08732116222381614
MINCIX_FSR,2.972723960876465,1.971097469329834,1.0016264915466309
JUNKOV_FSR,1.5525410175323486,2.03236985206604,0.4798288345336914
GAFNUY_FSR,4.687605857849121,4.415882110595703,0.27172374725341797
gmof_Zn2O8N2-irmof14_A-irmof8_A_No219,1.4896420240402222,1.0303027629852295,0.4593392610549927
HOHHIY_FSR,3.16403603553772,2.365015983581543,0.7990200519561772
YACKAO_FSR,2.9650468826293945,2.7145938873291016,0.25045299530029297
RIZYUU_FSR,2.824855089187622,1.8409864902496336,0.9838685989379885
mof74_22_all_conf_75_0,2.592344045639038,2.1225404739379883,0.4698035717010498
WEFKOH_FSR,3.679701089859009,3.6794447898864746,0.0002562999725341797
mof74_20_all_conf_167_0,1.8088799715042116,2.767946720123291,0.9590667486190794
IRIFEW_FSR,3.01980209350586,2.792920589447021,0.22688150405883878
KIJKOE_FSR,3.0469510555267334,4.649337768554688,1.602386713027955
QISFUU_FSR,2.0240590572357178,1.9212098121643064,0.10284924507141135
core_DAWBIO_freeONLY,0.4088639914989471,0.6085879802703857,0.19972398877143865
SOFKOQ_FSR,1.848988056182861,2.164121150970459,0.3151330947875979
XIRQEW_FSR,3.1133289337158203,3.1126770973205566,0.0006518363952636719
VAYDEG_FSR,3.905893087387085,3.274986982345581,0.6309061050415039
HERNUN_FSR,2.136926889419556,2.171304225921631,0.03437733650207475
boydwoo_str_m3_o21_o27_pcu_sym_29,0.5936139822006226,1.1635065078735352,0.5698925256729126
VOYVIQ_FSR,1.26111900806427,1.4831708669662476,0.22205185890197754
tobacco_SR_tsd_v1-6c_Hf_1_Ch_v2-4c_B_Ch_v3-4c_B_Ch_v4-3c_pyrrole_Ch_1TrU_Ch_2x3x1,1.4432209730148315,2.2394895553588867,0.7962685823440552
SOBYUE_FSR,2.332051038742065,1.829237461090088,0.5028135776519771
core_QEVKOS_freeONLY,1.6431920528411863,1.7750310897827148,0.13183903694152854
LALQEW_FSR,0.1576350033283233,1.9340951442718504,1.776460140943527
core_XOBXIW_freeONLY,1.2133430242538452,0.5981364250183105,0.6152065992355347
XOKVAV_FSR,2.359375,2.468449354171753,0.10907435417175293
VALRUX_FSR,2.90061092376709,3.767446994781494,0.8668360710144043
gmof_Zn4O13-irmof12_A-irmof16_A_No12,2.759078025817871,1.929076194763184,0.8300018310546871
UQEFUS_FSR,1.6947970390319824,2.2961888313293457,0.6013917922973633
SUMPOF_FSR,0.7378720045089722,0.7600404024124146,0.022168397903442383
VIGZES_FSR,1.777822971343994,1.3730604648590088,0.40476250648498513
TOJBOL_FSR,3.5326740741729736,2.763971328735352,0.7687027454376216
REZWID_FSR,2.9086530208587646,2.158156394958496,0.7504966259002686
VAXCIH_FSR,3.232748031616211,3.2488455772399902,0.016097545623779297
TOGTEQ_FSR,2.0232269763946533,1.5823085308074951,0.4409184455871582
TOYXEN_FSR,0.3480559885501861,0.7191931009292603,0.37113711237907415
boydwoo_str_m1_o4_o15_pcu_sym_84,1.4345580339431765,2.1262998580932617,0.6917418241500852
LOTDIJ_FSR,0.2638910114765167,0.5082216262817383,0.24433061480522156
XAHROQ_FSR,1.9588669538497925,0.7731760740280151,1.1856908798217773
NAQBUD_FSR,3.2231650352478027,3.045314073562622,0.17785096168518066
gmof_Zn4O13-BDC_A-irmof20_A_No29,1.859763026237488,2.077867269515991,0.2181042432785032
MIKJAR_FSR,4.399294853210449,4.103273391723633,0.2960214614868164
MUFKEE_FSR,0.9366300106048584,0.7459801435470581,0.1906498670578003
QQQAEA01_FSR,3.28745698928833,3.1591835021972656,0.12827348709106445
ZETQIA_FSR,3.5463109016418457,3.911061763763428,0.3647508621215825
IWENIH_FSR,1.4207509756088257,2.132243156433105,0.7114921808242793
QAVFAW_FSR,2.823317050933838,1.8782507181167605,0.9450663328170774
PITMAI_FSR,0.5946000218391418,0.7142763137817383,0.11967629194259644
RORSID01_FSR,0.4465270042419433,0.7679985761642456,0.3214715719223023
QEZLAK_FSR,0.9981690049171448,0.9944379329681396,0.003731071949005127
gmof_Uio66Zr-BDC_A-irmof7_A_No29,1.983670949935913,2.5003116130828857,0.5166406631469727
LECCIH_FSR,4.877240180969238,5.185421943664551,0.3081817626953125
ITIWUF_FSR,2.129770040512085,2.336212635040283,0.20644259452819824
boydwoo_str_m1_o18_o21_pcu_sym_91,1.712048053741455,1.6446632146835327,0.06738483905792236
ULILAE_FSR,2.8522579669952397,2.745532989501953,0.10672497749328658
SEBMER01_FSR,4.479127883911133,4.556985378265381,0.07785749435424805
JECRUF_FSR,2.5734570026397705,2.6971397399902344,0.12368273735046387
WOTNUQ_FSR,3.14867901802063,3.1981396675109863,0.049460649490356445
KITLIK_FSR,2.706789016723633,2.268136739730835,0.43865227699279785
MILKUN01_FSR,4.268002033233643,3.8178558349609375,0.4501461982727051
FURYIB_FSR,0.7174540162086487,0.6278713941574097,0.08958262205123901
gmof_Zn4O13-DPAC_A-TED_A_No7,2.5757980346679688,3.1106770038604736,0.5348789691925049
OTUXEH_FSR,1.836421012878418,1.992337942123413,0.15591692924499512
RAZBAW_FSR,1.3283859491348269,1.54841148853302,0.22002553939819314
TAKQAA_FSR,2.104330062866211,2.972075700759888,0.8677456378936772
NURZOR_FSR,2.0361690521240234,2.6179165840148926,0.5817475318908691
core_MURTUO_freeONLY,4.974160194396973,4.532877445220947,0.4412827491760254
HEFBOL_FSR,2.511526107788086,2.265615224838257,0.2459108829498291
QUHQEQ_FSR,2.557573080062866,1.7429099082946775,0.8146631717681887
KESJAW_FSR,1.9752960205078125,1.4320671558380127,0.5432288646697998
boydwoo_str_m7_Zn_o12_o24_bcu_sym_22,2.401366949081421,2.605432271957397,0.20406532287597612
INOMOP01_FSR,3.06702208518982,3.3866875171661377,0.3196654319763179
IQIWOU_FSR,2.060309886932373,2.3585987091064453,0.29828882217407227
QANBAJ_FSR,0.3844679892063141,0.9248590469360352,0.5403910577297211
LAGPUG_FSR,2.8733890056610107,2.8609094619750977,0.012479543685913086
VEJZAM_FSR,4.442837238311768,4.265068054199219,0.17776918411254883
ORUGUF_FSR,2.6561739444732666,2.462263584136963,0.1939103603363037
LEPPED_FSR,4.185589790344238,3.0508506298065186,1.1347391605377197
PIVHEK_FSR,1.1319169998168943,1.426769733428955,0.29485273361206077
RAFZOQ_FSR,3.13297700881958,2.553863525390625,0.5791134834289551
MUMNEN_FSR,2.9507999420166016,2.513500452041626,0.4372994899749756
LIFGUD_FSR,0.869342029094696,0.7140940427780151,0.1552479863166809
KELFUF_FSR,1.766165018081665,1.959144949913025,0.19297993183135986
boydwoo_str_m1_o13_o26_pcu_sym_225,2.8813929557800293,2.7145509719848637,0.16684198379516557
TAHFUF_FSR,4.1947021484375,5.230149269104004,1.035447120666504
RAHBUZ_FSR,3.9524290561676025,3.635295391082764,0.3171336650848384
RATFOK02_FSR,0.4270020127296448,1.2565414905548096,0.8295394778251648
LEHKAM_FSR,0.8604720234870911,0.7272588014602661,0.13321322202682495
GOGNAT_FSR,1.79829204082489,2.6134912967681885,0.8151992559432986
IPINUS_FSR,1.929471015930176,2.189591407775879,0.2601203918457029
NOKPAF_FSR,4.073774814605713,4.139739990234375,0.06596517562866211
core_XAJQAC_SL,2.3189940452575684,1.98881196975708,0.3301820755004883
YIMSUK_FSR,3.312345027923584,2.699835777282715,0.6125092506408691
WAGXAD01_FSR,3.7799010276794434,4.2867584228515625,0.5068573951721191
core_CUVXAT_freeONLY,0.3738059997558594,0.8018014430999756,0.4279954433441162
LEVNOS_FSR,1.8795009851455688,1.0784302949905396,0.8010706901550293
ISEGAP_FSR,1.7581830024719238,1.0453429222106934,0.7128400802612305
SAXPIT_FSR,2.7738149166107178,2.803544044494629,0.029729127883911133
PIBLAQ_FSR,3.2245240211486816,3.299479484558105,0.07495546340942338
UJABAK_FSR,1.7614150047302246,1.6563925743103027,0.10502243041992188
boydwoo_str_m7_Zn_o1_o9_bcu_sym_164,2.965533971786499,2.21317195892334,0.7523620128631592
IDIGEJ_FSR,3.192013025283813,3.2856850624084477,0.09367203712463468
core_KETSEI_freeONLY,4.901196002960205,5.2595696449279785,0.35837364196777344
QUVGUK_FSR,2.090240955352783,0.827200174331665,1.2630407810211182
REYNOA01_FSR,4.3362321853637695,3.942466735839844,0.39376544952392534
POPDUV_FSR,3.2880780696868896,2.8007099628448486,0.487368106842041
YEBBEN_FSR,2.857549905776977,2.824190378189087,0.03335952758789018
OHUVIY_FSR,2.715601921081543,3.50589919090271,0.790297269821167
ZARZAV_FSR,2.742731094360352,2.9709064960479736,0.22817540168762163
gmof_Zn2O8-ADC_A-irmof6_A_No469,1.1342990398406982,1.8750616312026975,0.7407625913619993
TARQAF_FSR,0.0108890002593398,3.2236127853393555,3.2127237850800157
GEQBAH_FSR,0.9707630276679992,1.7591947317123413,0.7884317040443422
HEWWAK_FSR,2.6030259132385254,2.9105658531188965,0.3075399398803711
WUZHEF_FSR,2.1447958946228027,1.753825545310974,0.39097034931182884
FOWTIW_FSR,2.7595760822296143,3.691436529159546,0.9318604469299316
OZISOH_FSR,2.6609930992126465,2.492351055145264,0.16864204406738237
NUYWOU_FSR,2.98293399810791,2.806441068649292,0.17649292945861816
core_KIYMIP_freeONLY,1.2515490055084229,0.93976891040802,0.31178009510040283
EMUWOA_FSR,2.088247060775757,2.372067928314209,0.28382086753845215
GEXFUM_FSR,1.2899919748306274,1.6513563394546509,0.36136436462402344
OMAXEG_FSR,1.377930998802185,1.7772634029388428,0.3993324041366577
MUXHIW01_FSR,3.3562629222869877,2.975503206253052,0.38075971603393555
OLOZAQ_FSR,2.0166571140289307,1.7852355241775513,0.2314215898513794
ODOJID_FSR,2.336555004119873,3.3219285011291504,0.9853734970092773
MABDOL_FSR,0.9167500138282776,1.013638257980347,0.09688824415206931
QADWUQ_FSR,3.269218921661377,3.0396316051483154,0.22958731651306152
EXAHUI02_FSR,0.628063976764679,0.8435497283935547,0.21548575162887573
SEGVIK_FSR,2.559613943099976,2.0348148345947266,0.5247991085052495
OFIFAL_FSR,2.9039089679718018,3.636627197265625,0.7327182292938232
LULFUT_FSR,0.4940339922904968,1.4777560234069824,0.9837220311164856
IYAVUB_FSR,2.956101894378662,2.763890266418457,0.19221162796020508
VOBQEK_FSR,1.1634169816970823,1.199620485305786,0.03620350360870361
VUKMOF_FSR,1.56331205368042,1.6698464155197144,0.10653436183929443
HIZLOU_FSR,3.2889299392700195,3.2089343070983887,0.07999563217163086
KATGAQ_FSR,2.482817888259888,2.107821464538574,0.3749964237213139
TUZLOR_FSR,2.8849689960479736,1.74187433719635,1.1430946588516235
KAKQEV_FSR,1.3582940101623535,1.6738210916519165,0.315527081489563
TIDXAH_FSR,3.03849196434021,2.158618211746216,0.8798737525939941
NABMUZ_FSR,0.8877779841423035,0.8223268985748291,0.06545108556747437
boydwoo_str_m5_Al_o27_o28_sra_sym_103,0.2523260116577148,1.1772499084472656,0.9249238967895508
PEGCEM_FSR,2.277791976928711,2.20923924446106,0.06855273246765092
MUFHUR_FSR,3.4261739253997803,3.159269332885742,0.2669045925140381
LOJNOP_FSR,2.8290131092071533,2.4329450130462646,0.39606809616088867
FAQTUO_FSR,2.893480062484741,2.6444320678710938,0.24904799461364746
FEHGUX_FSR,1.7047640085220337,3.2774877548217773,1.5727237462997437
PUYHOI_FSR,1.8145289421081543,1.45151948928833,0.3630094528198242
JEFSUJ_FSR,0.4377889931201935,0.9975825548171996,0.5597935616970061
core_ODAJAG_freeONLY,3.699229001998901,4.31708574295044,0.6178567409515394
VAMYEN01_FSR,1.1534160375595093,0.7838531732559204,0.36956286430358887
ONIJOL_FSR,0.8710489869117737,0.9389033317565918,0.06785434484481812
MECTIA_FSR,2.3516359329223637,2.1307032108306885,0.22093272209167525
FEWHAS_FSR,1.3506100177764893,1.4002830982208252,0.04967308044433594
gmof_Al2O6-ADC_B-AZO_B_No45,1.5998120307922363,1.3370671272277832,0.2627449035644531
gmof_Al2O6-DPAC_B-irmof10_B_No14,2.23047399520874,2.479196310043335,0.24872231483459517
boydwoo_str_m3_o11_o28_pcu_sym_200,1.2205100059509275,0.9126834869384766,0.30782651901245095
boydwoo_str_m1_o10_o26_pcu_sym_181,2.213068962097168,1.9641706943511963,0.24889826774597168
QOVBUA_FSR,3.273812055587769,2.6124162673950195,0.6613957881927495
PEPVEM_FSR,1.2528239488601685,1.2909555435180664,0.03813159465789795
gmof_Uio66Zr-BDC_A-irmof6_A_No22,2.076669931411743,1.3803107738494873,0.6963591575622559
UNINOV_FSR,2.32693099975586,1.8890265226364136,0.43790447711944624
core_RUPZIM_freeONLY,1.6266800165176392,2.152573585510254,0.5258935689926147
JADLOP01_FSR,4.979368209838867,4.262459754943848,0.7169084548950195
KIMZIS_FSR,3.078447103500366,2.722761631011963,0.3556854724884033
HUCLIB_FSR,2.2644131183624268,2.219712018966675,0.04470109939575195
gmof_Al2O6-BDC_B-irmof7_B_No550,1.9985170364379885,2.0540597438812256,0.05554270744323708
WENWEU_FSR,2.973876953125,3.6773581504821777,0.7034811973571777
WOZPIM03_FSR,2.383296012878418,1.2284516096115112,1.1548444032669067
LEQFEV_FSR,2.854640007019043,1.984391450881958,0.870248556137085
FOJWAE_FSR,3.005824089050293,3.378833532333374,0.37300944328308105
NEFJOA_FSR,1.4480520486831665,0.9088237285614014,0.5392283201217651
TEVMAJ_FSR,0.8930739760398865,0.7218855619430542,0.17118841409683228
SAPKUR_FSR,4.777955055236816,4.74812650680542,0.029828548431396484
boydwoo_str_m1_o10_o10_pcu_sym_11,2.404350996017456,2.754560947418213,0.35020995140075684
XAFCOW_FSR,2.1846249103546143,1.784436821937561,0.4001880884170532
boydwoo_str_m3_o12_o19_pcu_sym_164,0.8878369927406311,1.39219069480896,0.5043537020683289
NAJGAH_FSR,4.595251083374023,4.783569812774658,0.18831872940063477
LOTQIU_FSR,1.7104350328445437,1.142505168914795,0.5679298639297488
IXOWAV_FSR,1.046496033668518,1.0201877355575562,0.026308298110961914
VECCUC_FSR,2.310107946395874,2.5482144355773926,0.23810648918151855
NEBTIA_FSR,2.708609104156494,2.7526533603668213,0.04404425621032715
RIMXET_FSR,1.868499994277954,2.4392707347869877,0.5707707405090336
LELMOG_FSR,1.0675280094146729,1.9400043487548828,0.87247633934021
GIYLUV_FSR,2.263197898864746,2.7321040630340576,0.4689061641693115
VAKDOD_FSR,3.535531044006348,2.962113857269287,0.573417186737061
boydwoo_str_m7_Zn_o23_o25_bcu_sym_82,3.157701015472412,2.4212043285369877,0.7364966869354244
WOBNUX_FSR,2.6856319904327397,2.0801713466644287,0.605460643768311
KEKWIH_FSR,4.430703163146973,4.345982551574707,0.08472061157226562
FIDWEU_FSR,2.121903896331787,3.0423617362976074,0.9204578399658203
FARNAP_FSR,1.8825180530548096,2.164930820465088,0.2824127674102783
core_DICKEH_freeONLY,0.5275539755821228,0.70473313331604,0.17717915773391724
boydwoo_str_m1_o12_o21_pcu_sym_2,2.5158400535583496,1.7516179084777832,0.7642221450805664
PYDSHG_FSR,2.8080499172210693,2.378625869750977,0.42942404747009233
QABGAB_FSR,5.477933883666992,3.407594919204712,2.0703389644622803
EJOMEW_FSR,2.029675006866455,2.0284016132354736,0.0012733936309814453
GOWZEZ_FSR,3.217129945755005,2.7413249015808105,0.47580504417419434
PIHRUU_FSR,4.574398994445801,5.047077655792236,0.47267866134643555
REXKEK_FSR,3.433111906051636,3.2418017387390137,0.19131016731262251
YARDEC_FSR,3.128006935119629,3.115082263946533,0.012924671173095703
IKOZOZ_FSR,0.5645620226860046,1.882122278213501,1.3175602555274963
gmof_Zn4O13-BDC_A-irmof20_A_No484,1.9134700298309328,1.8585476875305176,0.05492234230041526
MELJET01_FSR,2.979975938796997,2.653562307357788,0.326413631439209
WIWTUU_FSR,1.0966659784317017,1.6911771297454834,0.5945111513137817
LUWXUW_FSR,2.5624680519104004,1.1762628555297852,1.3862051963806152
OMOGAY01_FSR,0.8187800049781799,0.6524224281311035,0.16635757684707642
SACWEB_FSR,1.7992340326309204,1.6479297876358032,0.1513042449951172
boydwoo_str_m3_o4_o21_pcu_sym_109,1.6777889728546145,1.8112366199493408,0.13344764709472634
TIGWOX_FSR,3.1677780151367188,2.600204467773437,0.5675735473632817
KEYMEI_FSR,0.0424319989979267,2.780766487121582,2.7383344881236553
XALVOY_FSR,0.871969997882843,0.9703366756439208,0.09836667776107777
HOBPAQ_FSR,2.543674945831299,2.7879433631896973,0.24426841735839844
RAVKIL_FSR,3.4731569290161133,4.208879470825195,0.735722541809082
TISMEO_FSR,0.8244940042495728,1.3930684328079224,0.5685744285583496
core_FAPXIG_freeONLY,0.1173909977078437,0.4991359710693359,0.38174497336149216
boydwoo_str_m1_o4_o9_pcu_sym_268,2.51918888092041,2.799790382385254,0.28060150146484375
MIQTOX_FSR,3.440011978149414,3.025056838989258,0.41495513916015625
UTIBAC_FSR,2.001909017562866,1.9416230916976929,0.06028592586517334
NIXJIP_FSR,1.4962849617004397,2.35588812828064,0.8596031665802004
QOJLOR_FSR,0.8917189836502075,0.8843848705291748,0.007334113121032715
IVOLOW_FSR,2.848426103591919,3.006145000457764,0.15771889686584517
gmof_ZnN4-SiF6-irmof20_No4,2.474126100540161,2.7473599910736084,0.27323389053344727
FUBLOF_FSR,3.055551052093506,2.493711471557617,0.5618395805358887
MUTKIW_FSR,2.632740020751953,3.268054485321045,0.6353144645690918
WOCPUB_FSR,4.916782855987549,4.239534378051758,0.677248477935791
FOXZAU_FSR,2.55270791053772,1.8271574974060056,0.7255504131317145
KAZRIO01_FSR,2.1147639751434326,1.924882173538208,0.1898818016052246
TMSNAC02_FSR,5.044023036956787,5.014400005340576,0.029623031616210938
SIXSUO_FSR,2.3115530014038086,2.3526830673217773,0.04113006591796875
LAZNOQ_FSR,3.629679918289185,3.0236945152282715,0.6059854030609135
gmof_Al2O6-irmof6_B-irmof7_B_No12,2.7323110103607178,2.4369773864746094,0.2953336238861084
LOXZEF_FSR,2.5809099674224854,3.2462432384490967,0.6653332710266113
UXIVUT_FSR,0.8052459955215454,0.8164023160934448,0.011156320571899414
EBISEQ_FSR,2.980194091796875,3.437765598297119,0.45757150650024414
gmof_AlO6-mof177_No40,0.2984519898891449,0.2098431587219238,0.0886088311672211
QAKGAN_FSR,0.8428390026092529,0.7003014087677002,0.14253759384155273
MOF-5_cooh_2_1996_1,3.376811981201172,3.1471896171569824,0.22962236404418945
ZOGROF_FSR,2.3350980281829834,2.3362784385681152,0.001180410385131836
core_MUGQAI_freeONLY,1.2158609628677368,0.9116359949111938,0.30422496795654297
HEDTER_FSR,1.3824100494384766,1.095306634902954,0.28710341453552246
YEHCAR_FSR,1.1348249912261963,1.3250601291656494,0.19023513793945312
ZERNAN_FSR,2.96412205696106,2.409743070602417,0.554378986358643
XODZEX_FSR,0.5915290117263794,0.8540166616439819,0.26248764991760254
XAHGAQ_FSR,2.3240370750427246,2.309037685394287,0.0149993896484375
core_EXEQII_SL,3.053194999694824,2.971386432647705,0.08180856704711914
ODEQEW_FSR,1.0094939470291138,1.2686948776245115,0.2592009305953977
OVEHAZ_FSR,2.7944929599761963,2.423234462738037,0.3712584972381592
MOF-5_cooh_2_471_1,3.0656349658966064,1.9017789363861084,1.163856029510498
GAWWAD_FSR,0.2076690047979354,-0.1123938560485839,0.3200628608465193
QADWIE_FSR,3.3180110454559326,3.03902268409729,0.2789883613586426
VAYSUK_FSR,3.431169986724853,3.5740487575531006,0.14287877082824751
YAWBAA01_FSR,2.381577014923096,2.1315956115722656,0.24998140335083052
GEJQEU_FSR,2.113090991973877,3.6536688804626474,1.5405778884887704
HIDNAM_FSR,2.9710140228271484,1.9189636707305908,1.0520503520965576
JUDQAC_FSR,2.6425530910491943,3.379270553588867,0.7367174625396729
JIQMAA_FSR,2.723427057266236,2.999096393585205,0.2756693363189693
gmof_Zn2O8N2-AZO_A-NiC4_No5,0.4926300048828125,-0.0175106525421142,0.5101406574249266
SISGOS_FSR,2.4762609004974365,2.2489302158355717,0.2273306846618648
FEHJIN01_FSR,3.586735963821411,3.618144035339356,0.03140807151794478
gmof_Zn4O13-BDC_A_No21,1.2229770421981812,0.122129201889038,1.100847840309143
gmof_Zn4O13-BDC_A-DPAC_A_No48,2.358314037322998,1.8369766473770144,0.5213373899459837
OKECEO_FSR,0.7677279710769653,0.9426792860031128,0.17495131492614746
QURCAI_FSR,3.2575719356536865,3.5037941932678223,0.24622225761413574
core_FARFIO_freeONLY,1.3724550008773804,1.3525207042694092,0.01993429660797119
REDBAE_FSR,2.488358974456787,3.029956340789795,0.5415973663330078
YECPEE_FSR,2.25498104095459,0.9651364088058472,1.2898446321487427
SARGUP_FSR,0.0179980006068944,0.4379833936691284,0.41998539306223404
MAYYER_FSR,4.419932842254639,4.5908403396606445,0.17090749740600586
MOCJEU_FSR,3.4957709312438965,3.691405296325684,0.19563436508178755
GATLAQ_FSR,3.30591893196106,2.1908116340637207,1.1151072978973393
VUQJEX_FSR,1.1801680326461792,0.9803074598312378,0.1998605728149414
core_AGUWUV_freeONLY,1.15426504611969,0.8759905099868774,0.2782745361328125
NAYMEG_FSR,2.418489933013916,1.4847710132598877,0.9337189197540283
QIBKIW_FSR,3.3697619438171387,3.3868393898010254,0.01707744598388672
FEYDAP_FSR,2.74442195892334,2.4073426723480225,0.3370792865753174
RUFSUI_FSR,4.445672988891602,4.673434734344482,0.22776174545288086
POPQOC_FSR,4.949984073638916,5.9053144454956055,0.9553303718566895
OTAWIR_FSR,2.4780659675598145,1.808206558227539,0.6698594093322754
OTENIL_FSR,3.6883840560913086,3.394361019134521,0.29402303695678755
PAKQOK_FSR,3.191525936126709,2.774888753890991,0.4166371822357178
NIMWAJ_FSR,3.119914054870605,3.1021370887756348,0.01777696609497026
UYAPOA_FSR,3.0244760513305664,2.3113725185394287,0.7131035327911377
gmof_Zn2O8N2-AZO_A-irmof10_A_No51,0.9771810173988342,1.7946224212646484,0.8174414038658142
LAVDUK_FSR,2.360053062438965,2.67636513710022,0.3163120746612553
boydwoo_str_m5_Al_o11_o13_sra_sym_48,1.9370150566101076,2.171335458755493,0.23432040214538552
LACVAO_FSR,2.7808949947357178,2.251944303512573,0.528950691223145
GAFLAC_FSR,0.8182129859924316,0.7439626455307007,0.07425034046173096
NISYAR_FSR,3.150791883468628,2.825810194015503,0.324981689453125
gmof_Zn2O8-irmof8_A-imdb_No20,2.76228404045105,2.432986259460449,0.3292977809906006
RIFTOQ_FSR,3.88231897354126,3.7125868797302246,0.1697320938110356
UFOQEO_FSR,1.28220796585083,1.6048144102096558,0.3226064443588257
gmof_Al2O6-BDC_B-irmof20_B_No284,1.6380820274353027,1.9545161724090576,0.3164341449737549
XOJZEC_FSR,0.6156430244445801,0.756901741027832,0.14125871658325195
VUNMOI_FSR,0.2264689952135086,0.7211103439331055,0.49464134871959686
XAWYAY_FSR,2.7699880599975586,2.751461982727051,0.018526077270507812
boydwoo_str_m7_Zn_o4_o4_bcu_sym_62,2.825110912322998,2.400970935821533,0.42413997650146484
MOF-5_cooh_2_168_2,1.5067390203475952,2.113593101501465,0.6068540811538696
gmof_Al2O6-AZO_B-irmof7_B_No278,1.773340940475464,1.657177448272705,0.11616349220275901
XILNIQ01_FSR,2.319179058074951,2.905327320098877,0.5861482620239258
core_MUTDEM_freeONLY,0.2050250023603439,0.6502597332000732,0.4452347308397293
gmof_AlO6-mof177-N_No1,2.2688651084899902,2.195242166519165,0.0736229419708252
TEYREW_FSR,4.548075199127197,4.599800109863281,0.051724910736083984
IDUTIN_FSR,0.8828859925270081,0.8184839487075806,0.06440204381942749
LECCED_FSR,4.974599838256836,4.733129978179932,0.2414698600769043
JIQHEZ_FSR,1.7266130447387695,2.843242645263672,1.1166296005249023
boydwoo_str_m3_o4_o22_pcu_sym_56,1.4471700191497805,2.3732824325561523,0.9261124134063718
boydwoo_str_m4_Al_o23_o25_acs_sym_32,1.8714289665222168,2.526747226715088,0.6553182601928711
LAFMUC_FSR,2.0335021018981934,1.707399845123291,0.32610225677490234
JOSROY_FSR,0.4245699942111969,1.024897813796997,0.6003278195858002
LONVIV_FSR,0.112756997346878,0.4681458473205566,0.3553888499736786
WECSEF_FSR,4.225592136383057,4.790844917297363,0.5652527809143066
JOVWOG_FSR,3.275038957595825,3.416191577911377,0.14115262031555176
XILVIZ_FSR,0.0707259997725486,0.9110932350158693,0.8403672352433207
QOKHON_FSR,1.797152042388916,1.9342728853225708,0.13712084293365479
gmof_Uio66Zr-BDC_A-irmof6_A_No150,2.420931100845337,2.373314380645752,0.04761672019958496
pyrene_LURRUM,2.1146910190582275,1.8066707849502563,0.3080202341079712
boydwoo_str_m5_Al_o13_o27_sra_sym_66,1.1512919664382937,1.443508863449097,0.2922168970108032
ODIPUN_FSR,3.035339117050171,2.0493195056915283,0.9860196113586426
boydwoo_str_m3_o1_o18_pcu_sym_148,0.8443269729614258,1.35046124458313,0.5061342716217043
KOPBEW_FSR,4.38267707824707,4.077737808227539,0.30493927001953125
RILDEV_FSR,1.7042889595031738,2.566157102584839,0.861868143081665
GEQCIP_FSR,2.6772680282592773,1.914549469947815,0.7627185583114624
JIZDOO_FSR,2.378967046737671,1.983736276626587,0.395230770111084
XULSED_FSR,0.8695330023765564,0.6988718509674072,0.17066115140914917
boydwoo_str_m3_o2_o3_pcu_sym_117,1.3674670457839966,1.770793080329895,0.40332603454589844
VOBRAH_FSR,0.6179940104484558,0.8921923637390137,0.27419835329055786
WUVJII_FSR,0.9822480082511902,1.1960265636444092,0.213778555393219
UBIKEY_FSR,0.2014250010251999,0.759323239326477,0.5578982383012772
IDAFOI_FSR,1.946707010269165,2.3107309341430664,0.36402392387390137
GUTZAX01_FSR,3.1106810569763184,3.072749376296997,0.03793168067932129
XOSTEF_FSR,0.9800689816474916,0.8115519285202026,0.16851705312728893
tobacco_bor_sym_3_mc_0_sym_4_on_6_L_15,2.2116329669952397,2.3746676445007324,0.16303467750549272
LUTKES_FSR,1.1736639738082886,1.1658644676208496,0.007799506187438965
gmof_Al2O6-AZO_B-irmof7_B_No210,1.7109659910202026,1.544539213180542,0.16642677783966064
boydwoo_str_m4_Al_o7_o23_acs_sym_54,1.492521047592163,1.9536772966384888,0.4611562490463257
KAHMIQ_FSR,1.506193995475769,0.9614198207855223,0.5447741746902467
XUMFOB_FSR,3.193331003189087,3.013078451156616,0.1802525520324707
boydwoo_str_m5_Al_o13_o22_sra_sym_92,2.3578319549560547,2.473775863647461,0.11594390869140625
core_XOMJUE_freeONLY,2.319875955581665,1.8717848062515257,0.4480911493301394
JEWWUG_FSR,0.8257160186767578,1.0210306644439695,0.1953146457672117
TIRBAY_FSR,1.6686389446258545,1.184396743774414,0.48424220085144043
ROQFEI01_FSR,3.1384940147399902,3.9810233116149902,0.842529296875
YEXCAG_FSR,3.1751298904418945,2.9432859420776367,0.2318439483642578
core_MIHLEV_freeONLY,1.661272048950195,1.6287639141082764,0.03250813484191872
PESGEA_FSR,1.6567319631576538,1.335522174835205,0.32120978832244873
core_YOPMAS_freeONLY,0.4112659990787506,0.4305067062377929,0.019240707159042303
boydwoo_str_m7_Zn_o12_o22_bcu_sym_51,2.314842939376831,2.90690279006958,0.592059850692749
MOF-5_cooh_2_2713_1,3.428561925888061,3.230937957763672,0.1976239681243892
QUGFII_FSR,3.087307929992676,3.043389320373535,0.043918609619140625
NIJZIQ_FSR,4.219772815704346,3.7038707733154297,0.515902042388916
SUNPOH_FSR,1.7833889722824097,1.776735782623291,0.006653189659118652
SEFMUN_FSR,0.6325669884681702,0.8548402786254883,0.22227329015731812
HOTVUH01_FSR,0.7616289854049683,0.7875055074691772,0.025876522064208984
boydwoo_str_m3_o11_o18_pcu_sym_36,1.293094038963318,1.2253563404083252,0.0677376985549929
RAPGUN_FSR,3.077276945114136,2.599708080291748,0.47756886482238814
IXODUV_FSR,0.3444949984550476,0.7470042705535889,0.40250927209854126
boydwoo_str_m3_o2_o14_pcu_sym_196,2.080657958984375,1.9211199283599851,0.15953803062438987
JODFUD_FSR,1.6437629461288452,1.388157844543457,0.2556051015853882
PILWUF_FSR,0.9903219938278198,1.1820125579833984,0.1916905641555786
boydwoo_str_m4_Al_o2_o23_acs_sym_83,1.6947360038757324,2.4118540287017822,0.7171180248260498
gmof_Uio66Zr-irmof8_A_No17,2.177074909210205,1.4475116729736328,0.7295632362365723
UVUPIM_FSR,1.2024149894714355,1.8632830381393437,0.6608680486679082
IYAZAL_FSR,2.8357601165771484,2.6981117725372314,0.137648344039917
OKIQUV_FSR,2.5729990005493164,2.1856656074523926,0.38733339309692383
boydwoo_str_m1_o4_o14_pcu_sym_100,1.9040080308914185,2.766510486602783,0.8625024557113647
GOYLOX_FSR,1.633247971534729,2.3946163654327397,0.7613683938980107
gmof_Zn2O8N2-irmof7_A-irmof8_A_No632,1.353335976600647,1.6332159042358398,0.27987992763519287
POFHOK_FSR,2.336543083190918,2.8001856803894043,0.46364259719848633
GUKNAC01_FSR,0.3096809983253479,1.187263250350952,0.877582252025604
WISZUT01_FSR,2.534208059310913,2.528270721435547,0.005937337875366211
YIHWAQ_FSR,2.6283628940582275,1.755802869796753,0.8725600242614746
gmof_Al2O6-DPAC_B-irmof20_B_No352,1.8898530006408687,1.6809078454971311,0.20894515514373757
boydwoo_str_m1_o10_o26_pcu_sym_17,1.6065130233764648,1.5864077806472778,0.02010524272918701
QOXFOY_FSR,3.222721099853516,4.320097923278809,1.0973768234252925
NIRCUO_FSR,4.275942802429199,4.529537200927734,0.25359439849853516
LOSCOM_FSR,0.5678489804267883,0.7225073575973511,0.15465837717056274
core_CAYSIE_freeONLY,0.6825699806213379,0.7111409902572632,0.028571009635925293
gmof_Uio66Zr-BDC_A-irmof6_A_No54,2.3037269115448,2.431736707687378,0.12800979614257812
MUPLUF_FSR,1.1938190460205078,1.1483268737792969,0.04549217224121094
JEDJOR01_FSR,2.949454069137573,2.769562005996704,0.1798920631408687
LAGNIT_FSR,0.7997519969940186,0.3211795091629028,0.4785724878311158
gmof_Zn4O13-irmof14_A-irmof16_A_No147,1.7612780332565308,1.8008655309677124,0.03958749771118164
VUPSIJ_FSR,2.8980600833892822,3.204962491989136,0.30690240859985396
boydwoo_str_m5_Al_o6_o17_sra_sym_58,1.632560968399048,1.9254475831985476,0.2928866147994995
MOYPIA_FSR,2.369148969650269,2.2920918464660645,0.07705712318420455
FUHYUD_FSR,4.805675983428955,4.430559158325195,0.37511682510375977
LAVFOF_FSR,3.371622085571289,2.682769298553467,0.6888527870178223
JOJMEB_FSR,2.032217025756836,1.6398828029632568,0.3923342227935791
WENSIS_FSR,3.14109206199646,3.4217686653137207,0.28067660331726074
MUDTIP_FSR,2.0626399517059326,2.0638070106506348,0.0011670589447021484
core_RUYQOT_freeONLY,2.2964138984680176,2.105283737182617,0.1911301612854004
YIRXOP_FSR,0.4398359954357147,0.4425466060638428,0.0027106106281280518
POSGUB_FSR,0.6409509778022766,0.8418303728103638,0.20087939500808716
boydwoo_str_m5_Al_o3_o3_sra_sym_123,2.680108070373535,2.0617241859436035,0.6183838844299316
VEVZUS_FSR,2.2618510723114014,2.1999166011810303,0.061934471130371094
gmof_Zn4O13-BDC_A-irmof20_A_No327,1.7221050262451172,1.9928207397460935,0.27071571350097634
boydwoo_str_m3_o20_o28_pcu_sym_17,0.2202499955892563,0.4995816946029663,0.27933169901371
boydwoo_str_m4_Al_o17_o23_acs_sym_108,1.7820589542388916,1.9774123430252075,0.19535338878631592
YUXXOG_FSR,2.9829471111297607,3.297910690307617,0.31496357917785645
LAQFEO_FSR,2.8445560932159424,2.767362356185913,0.0771937370300293
NAKNIY_FSR,0.6163820028305054,1.0763218402862549,0.4599398374557495
boydwoo_str_m3_o17_o20_pcu_sym_133,1.5059789419174194,0.9923347234725952,0.5136442184448242
boydwoo_str_m7_Zn_o17_o26_bcu_sym_244,0.1607030034065246,1.118975043296814,0.9582720398902893
FELYEB_FSR,2.56701397895813,3.89164924621582,1.32463526725769
NOMFIG_FSR,2.0042989253997803,2.0868844985961914,0.08258557319641113
XUXZOF01_FSR,0.5525699853897095,1.6331156492233276,1.0805456638336182
boydwoo_str_m5_Al_o1_o20_sra_sym_22,2.2570629119873047,2.276127576828003,0.019064664840698242
OJOLEG_FSR,1.6273510456085205,1.691890835762024,0.06453979015350342
NIXSOE_FSR,1.7012460231781006,1.996051907539368,0.2948058843612673
JAKROD_FSR,1.6689859628677368,1.3238065242767334,0.3451794385910034
NUHBUO_FSR,0.4738940000534057,0.591964602470398,0.11807060241699224
JAPJIU_FSR,2.336155891418457,1.7082538604736328,0.6279020309448242
RUVLAV01_FSR,4.158401966094971,4.985618591308594,0.827216625213623
JUGFAU_FSR,0.9774550199508668,1.0127376317977903,0.035282611846923495
mof74_118_all_conf_528_0,1.8049219846725464,1.8681132793426516,0.0631912946701052
QAMDEO_FSR,0.9422109723091124,0.9627180099487304,0.02050703763961792
boydwoo_str_m5_Al_o20_o25_sra_sym_65,2.05958104133606,1.924856185913086,0.13472485542297408
FIPWOS_FSR,4.340476989746094,3.798015832901001,0.5424611568450928
PUPQOH_FSR,2.8789849281311035,2.267352104187012,0.6116328239440914
ITIBUJ_FSR,1.7900270223617554,1.507096290588379,0.28293073177337646
KIGGEN_FSR,0.9235810041427612,0.7335714101791382,0.19000959396362305
RORRIC04_FSR,0.456385999917984,0.8077996969223022,0.35141369700431824
RAQNIG_FSR,2.7166190147399902,2.2187750339508057,0.49784398078918457
SIPYAS01_FSR,1.140324950218201,1.274233102798462,0.133908152580261
KAYCEU_FSR,3.61367392539978,2.8742051124572754,0.7394688129425044
MATMEC_FSR,0.6275759935379028,0.7072117328643799,0.07963573932647705
REQSIS_FSR,3.086535930633545,2.432547092437744,0.6539888381958008
QUJPES_FSR,0.9016439914703368,0.8980464935302734,0.0035974979400633655
boydwoo_str_m3_o2_o11_pcu_sym_139,1.7977789640426636,0.9362550973892212,0.8615238666534424
NAYWIU_FSR,3.3462390899658203,2.4384279251098637,0.9078111648559566
LIZSIY_FSR,3.177704095840454,3.4108083248138428,0.23310422897338867
RUVCUH_FSR,0.1663219928741455,0.630670428276062,0.4643484354019165
core_GUWDUY_freeONLY,2.394886016845703,1.902096152305603,0.4927898645401001
gmof_Uio66Zr-BDC_A-irmof7_A_No319,0.6223059892654419,0.5383772850036621,0.08392870426177979
WOPJIW_FSR,1.0840270519256592,1.254485249519348,0.17045819759368874
TUZNAE_FSR,1.5141589641571045,0.9299876689910888,0.5841712951660157
ZOHQUL_FSR,0.6514480113983154,0.2508773803710937,0.40057063102722174
IVEFOG_FSR,2.669403076171875,2.913864850997925,0.2444617748260498
EMOPAZ_FSR,0.7404729723930359,0.9739646911621094,0.2334917187690735
LUCREH01_FSR,2.861814022064209,2.7110910415649414,0.15072298049926758
POTCOQ_FSR,2.7593929767608643,2.377943515777588,0.38144946098327637
XIZNEB_FSR,0.8304790258407593,0.8651831150054932,0.03470408916473389
GUDFIV_FSR,2.955298900604248,3.6326749324798575,0.6773760318756095
OVEJAC_FSR,1.9582690000534055,2.4331085681915283,0.4748395681381228
OBORIH_FSR,0.8524559736251831,0.880551815032959,0.02809584140777588
HOYQUJ_FSR,0.2877080142498016,0.4689704179763794,0.18126240372657781
boydwoo_str_m3_o3_o10_pcu_sym_129,1.5513529777526855,1.81988787651062,0.26853489875793435
XOSHEU_FSR,0.7996360063552856,0.6163896322250366,0.18324637413024902
KUQYIF_FSR,3.915297985076904,5.085110664367676,1.169812679290772
XOCLOT_FSR,1.673535943031311,1.043731927871704,0.6298040151596069
RIWQIZ_FSR,1.3467919826507568,1.330081820487976,0.01671016216278076
PEFHAK_FSR,2.605523109436035,2.9797494411468506,0.37422633171081543
POXJAO_FSR,4.520623207092285,4.177995204925537,0.34262800216674805
boydwoo_str_m4_Al_o20_o25_acs_sym_277,0.8085740208625793,1.2732884883880615,0.4647144675254822
core_EQOCES01_freeONLY,1.1195080280303955,1.2613046169281006,0.14179658889770508
OFIYUY_FSR,1.5119919776916504,1.420475959777832,0.09151601791381836
OFERUN04_FSR,4.428731918334961,4.53757381439209,0.1088418960571289
gmof_Al2O6-DPAC_B-irmof20_B_No13,2.200421094894409,2.5657362937927246,0.36531519889831543
boydwoo_str_m5_Al_o13_o24_sra_sym_85,2.5551230907440186,3.017473697662353,0.4623506069183345
JIYKOU_FSR,3.134107112884521,3.390157461166382,0.2560503482818608
gmof_AlO6-irmof14_A_No1,2.016442060470581,2.08381724357605,0.06737518310546875
NOBNEA_FSR,2.568125009536743,2.455162525177002,0.11296248435974121
gmof_Uio66Zr-irmof20_A-irmof8_A_No275,1.8986049890518188,1.4154329299926758,0.48317205905914307
gmof_Uio66Zr-BDC_A-irmof7_A_No168,2.1349990367889404,2.003175973892212,0.13182306289672852
XEFHAU_FSR,2.941746950149536,2.700463056564331,0.24128389358520508
XEQGEH_FSR,2.1940600872039795,2.482703685760498,0.28864359855651855
SEZGUZ_FSR,1.6496429443359375,1.012992262840271,0.6366506814956665
FIGXOK_FSR,0.9441120028495787,1.3053737878799438,0.3612617850303651
JOGHUK_FSR,0.6436169743537903,1.0449957847595217,0.4013788104057314
HEYDUL_FSR,3.2678511142730717,3.149820566177368,0.11803054809570357
QAQBOA_FSR,1.7643749713897705,1.9178953170776367,0.1535203456878662
HIQGAQ_FSR,1.6170129776000977,1.957691311836243,0.34067833423614524
tobacco_bor_sym_3_mc_0_sym_4_on_6_L_12,2.916919946670532,2.320631980895996,0.5962879657745357
KOWXUR_FSR,0.4955820143222809,1.012561321258545,0.516979306936264
YIHVUJ_FSR,3.1935980319976807,2.064568519592285,1.1290295124053955
gmof_Zn2O8N2-AZO_A-irmof20_A_No202,0.4999090135097503,0.4910825490951538,0.008826464414596502
QOXFAK02_FSR,0.5042589902877808,0.8184754848480225,0.3142164945602417
boydwoo_str_m3_o18_o18_pcu_sym_112,1.3088020086288452,0.7452335357666016,0.5635684728622437
tobacco_bor_sym_3_mc_0_sym_4_on_7_L_6,2.2137880325317383,2.087924003601074,0.12586402893066406
FIRXIP_FSR,3.847843885421753,4.21429443359375,0.36645054817199707
mof74_152x1_all_conf_7899_1,1.7149909734725952,2.448607444763184,0.7336164712905888
IQOZAP_FSR,2.9104249477386475,2.6126081943511963,0.29781675338745117
MIYZID_FSR,0.8452690243721008,0.8911038637161255,0.04583483934402466
NUVYEK_FSR,2.5780189037323,2.725355386734009,0.14733648300170898
KIDLOZ_FSR,4.054296970367432,3.053464412689209,1.0008325576782227
KADBAV_FSR,2.466567039489746,2.5027172565460205,0.036150217056274414
